frame_id,timestamp,latitude,longitude,altitude,image_path
frame_0000.jpg,0.0,19.076,72.8777,50.0,frames/frame_0000.jpg
frame_0001.jpg,0.03336666666666667,19.0761,72.87780000000001,50.1,frames/frame_0001.jpg
frame_0002.jpg,0.06673333333333334,19.0762,72.87790000000001,50.2,frames/frame_0002.jpg
frame_0003.jpg,0.10010000000000001,19.0763,72.878,50.3,frames/frame_0003.jpg
frame_0004.jpg,0.13346666666666668,19.0764,72.8781,50.4,frames/frame_0004.jpg
frame_0005.jpg,0.16683333333333333,19.0765,72.8782,50.5,frames/frame_0005.jpg
frame_0006.jpg,0.20020000000000002,19.0766,72.87830000000001,50.6,frames/frame_0006.jpg
frame_0007.jpg,0.23356666666666667,19.0767,72.8784,50.7,frames/frame_0007.jpg
frame_0008.jpg,0.26693333333333336,19.076800000000002,72.8785,50.8,frames/frame_0008.jpg
frame_0009.jpg,0.3003,19.076900000000002,72.8786,50.9,frames/frame_0009.jpg
frame_0010.jpg,0.33366666666666667,19.077,72.87870000000001,51.0,frames/frame_0010.jpg
frame_0011.jpg,0.3670333333333334,19.0771,72.8788,51.1,frames/frame_0011.jpg
frame_0012.jpg,0.40040000000000003,19.0772,72.8789,51.2,frames/frame_0012.jpg
frame_0013.jpg,0.4337666666666667,19.0773,72.879,51.3,frames/frame_0013.jpg
frame_0014.jpg,0.46713333333333334,19.0774,72.87910000000001,51.4,frames/frame_0014.jpg
frame_0015.jpg,0.5005000000000001,19.0775,72.8792,51.5,frames/frame_0015.jpg
frame_0016.jpg,0.5338666666666667,19.0776,72.8793,51.6,frames/frame_0016.jpg
frame_0017.jpg,0.5672333333333334,19.0777,72.8794,51.7,frames/frame_0017.jpg
frame_0018.jpg,0.6006,19.0778,72.87950000000001,51.8,frames/frame_0018.jpg
frame_0019.jpg,0.6339666666666667,19.0779,72.87960000000001,51.9,frames/frame_0019.jpg
frame_0020.jpg,0.6673333333333333,19.078,72.8797,52.0,frames/frame_0020.jpg
frame_0021.jpg,0.7007000000000001,19.0781,72.8798,52.1,frames/frame_0021.jpg
frame_0022.jpg,0.7340666666666668,19.0782,72.8799,52.2,frames/frame_0022.jpg
frame_0023.jpg,0.7674333333333334,19.078300000000002,72.88000000000001,52.3,frames/frame_0023.jpg
frame_0024.jpg,0.8008000000000001,19.078400000000002,72.8801,52.4,frames/frame_0024.jpg
frame_0025.jpg,0.8341666666666667,19.078500000000002,72.8802,52.5,frames/frame_0025.jpg
frame_0026.jpg,0.8675333333333334,19.0786,72.8803,52.6,frames/frame_0026.jpg
frame_0027.jpg,0.9009000000000001,19.0787,72.88040000000001,52.7,frames/frame_0027.jpg
frame_0028.jpg,0.9342666666666667,19.0788,72.8805,52.8,frames/frame_0028.jpg
frame_0029.jpg,0.9676333333333333,19.0789,72.8806,52.9,frames/frame_0029.jpg
frame_0030.jpg,1.0010000000000001,19.079,72.8807,53.0,frames/frame_0030.jpg
frame_0031.jpg,1.0343666666666667,19.0791,72.88080000000001,53.1,frames/frame_0031.jpg
frame_0032.jpg,1.0677333333333334,19.0792,72.88090000000001,53.2,frames/frame_0032.jpg
frame_0033.jpg,1.1011,19.0793,72.881,53.3,frames/frame_0033.jpg
frame_0034.jpg,1.1344666666666667,19.0794,72.8811,53.4,frames/frame_0034.jpg
frame_0035.jpg,1.1678333333333333,19.0795,72.8812,53.5,frames/frame_0035.jpg
frame_0036.jpg,1.2012,19.0796,72.88130000000001,53.6,frames/frame_0036.jpg
frame_0037.jpg,1.2345666666666668,19.0797,72.8814,53.7,frames/frame_0037.jpg
frame_0038.jpg,1.2679333333333334,19.0798,72.8815,53.8,frames/frame_0038.jpg
frame_0039.jpg,1.3013000000000001,19.079900000000002,72.8816,53.9,frames/frame_0039.jpg
frame_0040.jpg,1.3346666666666667,19.080000000000002,72.88170000000001,54.0,frames/frame_0040.jpg
frame_0041.jpg,1.3680333333333334,19.0801,72.8818,54.1,frames/frame_0041.jpg
frame_0042.jpg,1.4014000000000002,19.0802,72.8819,54.2,frames/frame_0042.jpg
frame_0043.jpg,1.4347666666666667,19.0803,72.882,54.3,frames/frame_0043.jpg
frame_0044.jpg,1.4681333333333335,19.0804,72.88210000000001,54.4,frames/frame_0044.jpg
frame_0045.jpg,1.5015,19.0805,72.8822,54.5,frames/frame_0045.jpg
frame_0046.jpg,1.5348666666666668,19.0806,72.8823,54.6,frames/frame_0046.jpg
frame_0047.jpg,1.5682333333333334,19.0807,72.8824,54.7,frames/frame_0047.jpg
frame_0048.jpg,1.6016000000000001,19.0808,72.88250000000001,54.8,frames/frame_0048.jpg
frame_0049.jpg,1.6349666666666667,19.0809,72.88260000000001,54.9,frames/frame_0049.jpg
frame_0050.jpg,1.6683333333333334,19.081,72.8827,55.0,frames/frame_0050.jpg
frame_0051.jpg,1.7017,19.0811,72.8828,55.1,frames/frame_0051.jpg
frame_0052.jpg,1.7350666666666668,19.0812,72.8829,55.2,frames/frame_0052.jpg
frame_0053.jpg,1.7684333333333335,19.0813,72.88300000000001,55.3,frames/frame_0053.jpg
frame_0054.jpg,1.8018000000000003,19.081400000000002,72.8831,55.4,frames/frame_0054.jpg
frame_0055.jpg,1.8351666666666668,19.081500000000002,72.8832,55.5,frames/frame_0055.jpg
frame_0056.jpg,1.8685333333333334,19.0816,72.8833,55.6,frames/frame_0056.jpg
frame_0057.jpg,1.9019000000000001,19.0817,72.88340000000001,55.7,frames/frame_0057.jpg
frame_0058.jpg,1.9352666666666667,19.0818,72.8835,55.8,frames/frame_0058.jpg
frame_0059.jpg,1.9686333333333335,19.0819,72.8836,55.9,frames/frame_0059.jpg
frame_0060.jpg,2.0020000000000002,19.082,72.8837,56.0,frames/frame_0060.jpg
frame_0061.jpg,2.0353666666666665,19.0821,72.88380000000001,56.1,frames/frame_0061.jpg
frame_0062.jpg,2.0687333333333333,19.0822,72.88390000000001,56.2,frames/frame_0062.jpg
frame_0063.jpg,2.1021,19.0823,72.884,56.3,frames/frame_0063.jpg
frame_0064.jpg,2.135466666666667,19.0824,72.8841,56.4,frames/frame_0064.jpg
frame_0065.jpg,2.1688333333333336,19.0825,72.8842,56.5,frames/frame_0065.jpg
frame_0066.jpg,2.2022,19.0826,72.88430000000001,56.6,frames/frame_0066.jpg
frame_0067.jpg,2.2355666666666667,19.0827,72.8844,56.7,frames/frame_0067.jpg
frame_0068.jpg,2.2689333333333335,19.0828,72.8845,56.8,frames/frame_0068.jpg
frame_0069.jpg,2.3023000000000002,19.082900000000002,72.8846,56.9,frames/frame_0069.jpg
frame_0070.jpg,2.3356666666666666,19.083000000000002,72.88470000000001,57.0,frames/frame_0070.jpg
frame_0071.jpg,2.3690333333333333,19.0831,72.8848,57.1,frames/frame_0071.jpg
frame_0072.jpg,2.4024,19.0832,72.8849,57.2,frames/frame_0072.jpg
frame_0073.jpg,2.435766666666667,19.0833,72.885,57.3,frames/frame_0073.jpg
frame_0074.jpg,2.4691333333333336,19.0834,72.88510000000001,57.4,frames/frame_0074.jpg
frame_0075.jpg,2.5025,19.0835,72.8852,57.5,frames/frame_0075.jpg
frame_0076.jpg,2.5358666666666667,19.0836,72.8853,57.6,frames/frame_0076.jpg
frame_0077.jpg,2.5692333333333335,19.0837,72.8854,57.7,frames/frame_0077.jpg
frame_0078.jpg,2.6026000000000002,19.0838,72.88550000000001,57.8,frames/frame_0078.jpg
frame_0079.jpg,2.635966666666667,19.0839,72.88560000000001,57.9,frames/frame_0079.jpg
frame_0080.jpg,2.6693333333333333,19.084,72.8857,58.0,frames/frame_0080.jpg
frame_0081.jpg,2.7027,19.0841,72.8858,58.1,frames/frame_0081.jpg
frame_0082.jpg,2.736066666666667,19.0842,72.8859,58.2,frames/frame_0082.jpg
frame_0083.jpg,2.7694333333333336,19.0843,72.88600000000001,58.3,frames/frame_0083.jpg
frame_0084.jpg,2.8028000000000004,19.084400000000002,72.8861,58.4,frames/frame_0084.jpg
frame_0085.jpg,2.8361666666666667,19.084500000000002,72.8862,58.5,frames/frame_0085.jpg
frame_0086.jpg,2.8695333333333335,19.084600000000002,72.8863,58.6,frames/frame_0086.jpg
frame_0087.jpg,2.9029000000000003,19.0847,72.88640000000001,58.7,frames/frame_0087.jpg
frame_0088.jpg,2.936266666666667,19.0848,72.8865,58.8,frames/frame_0088.jpg
frame_0089.jpg,2.9696333333333333,19.0849,72.8866,58.9,frames/frame_0089.jpg
frame_0090.jpg,3.003,19.085,72.8867,59.0,frames/frame_0090.jpg
frame_0091.jpg,3.036366666666667,19.0851,72.88680000000001,59.1,frames/frame_0091.jpg
frame_0092.jpg,3.0697333333333336,19.0852,72.88690000000001,59.2,frames/frame_0092.jpg
frame_0093.jpg,3.1031,19.0853,72.887,59.3,frames/frame_0093.jpg
frame_0094.jpg,3.1364666666666667,19.0854,72.8871,59.4,frames/frame_0094.jpg
frame_0095.jpg,3.1698333333333335,19.0855,72.8872,59.5,frames/frame_0095.jpg
frame_0096.jpg,3.2032000000000003,19.0856,72.88730000000001,59.6,frames/frame_0096.jpg
frame_0097.jpg,3.236566666666667,19.0857,72.8874,59.7,frames/frame_0097.jpg
frame_0098.jpg,3.2699333333333334,19.0858,72.8875,59.8,frames/frame_0098.jpg
frame_0099.jpg,3.3033,19.0859,72.8876,59.9,frames/frame_0099.jpg
frame_0100.jpg,3.336666666666667,19.086000000000002,72.88770000000001,60.0,frames/frame_0100.jpg
frame_0101.jpg,3.3700333333333337,19.086100000000002,72.8878,60.1,frames/frame_0101.jpg
frame_0102.jpg,3.4034,19.0862,72.8879,60.2,frames/frame_0102.jpg
frame_0103.jpg,3.4367666666666667,19.0863,72.888,60.3,frames/frame_0103.jpg
frame_0104.jpg,3.4701333333333335,19.0864,72.88810000000001,60.4,frames/frame_0104.jpg
frame_0105.jpg,3.5035000000000003,19.0865,72.8882,60.5,frames/frame_0105.jpg
frame_0106.jpg,3.536866666666667,19.0866,72.8883,60.6,frames/frame_0106.jpg
frame_0107.jpg,3.5702333333333334,19.0867,72.8884,60.7,frames/frame_0107.jpg
frame_0108.jpg,3.6036000000000006,19.0868,72.88850000000001,60.8,frames/frame_0108.jpg
frame_0109.jpg,3.636966666666667,19.0869,72.88860000000001,60.9,frames/frame_0109.jpg
frame_0110.jpg,3.6703333333333337,19.087,72.8887,61.0,frames/frame_0110.jpg
frame_0111.jpg,3.7037,19.0871,72.8888,61.1,frames/frame_0111.jpg
frame_0112.jpg,3.7370666666666668,19.0872,72.8889,61.2,frames/frame_0112.jpg
frame_0113.jpg,3.7704333333333335,19.0873,72.88900000000001,61.3,frames/frame_0113.jpg
frame_0114.jpg,3.8038000000000003,19.0874,72.8891,61.4,frames/frame_0114.jpg
frame_0115.jpg,3.837166666666667,19.087500000000002,72.8892,61.5,frames/frame_0115.jpg
frame_0116.jpg,3.8705333333333334,19.087600000000002,72.8893,61.6,frames/frame_0116.jpg
frame_0117.jpg,3.9039,19.0877,72.88940000000001,61.7,frames/frame_0117.jpg
frame_0118.jpg,3.937266666666667,19.0878,72.8895,61.8,frames/frame_0118.jpg
frame_0119.jpg,3.9706333333333337,19.0879,72.8896,61.9,frames/frame_0119.jpg
frame_0120.jpg,4.0040000000000004,19.088,72.8897,62.0,frames/frame_0120.jpg
frame_0121.jpg,4.037366666666667,19.0881,72.88980000000001,62.1,frames/frame_0121.jpg
frame_0122.jpg,4.070733333333333,19.0882,72.88990000000001,62.2,frames/frame_0122.jpg
frame_0123.jpg,4.1041,19.0883,72.89,62.3,frames/frame_0123.jpg
frame_0124.jpg,4.137466666666667,19.0884,72.8901,62.4,frames/frame_0124.jpg
frame_0125.jpg,4.170833333333333,19.0885,72.89020000000001,62.5,frames/frame_0125.jpg
frame_0126.jpg,4.2042,19.0886,72.89030000000001,62.6,frames/frame_0126.jpg
frame_0127.jpg,4.237566666666667,19.0887,72.8904,62.7,frames/frame_0127.jpg
frame_0128.jpg,4.270933333333334,19.0888,72.8905,62.8,frames/frame_0128.jpg
frame_0129.jpg,4.3043000000000005,19.0889,72.8906,62.9,frames/frame_0129.jpg
frame_0130.jpg,4.337666666666667,19.089000000000002,72.89070000000001,63.0,frames/frame_0130.jpg
frame_0131.jpg,4.371033333333333,19.089100000000002,72.8908,63.1,frames/frame_0131.jpg
frame_0132.jpg,4.4044,19.0892,72.8909,63.2,frames/frame_0132.jpg
frame_0133.jpg,4.437766666666667,19.0893,72.891,63.3,frames/frame_0133.jpg
frame_0134.jpg,4.471133333333333,19.0894,72.89110000000001,63.4,frames/frame_0134.jpg
frame_0135.jpg,4.5045,19.0895,72.8912,63.5,frames/frame_0135.jpg
frame_0136.jpg,4.537866666666667,19.0896,72.8913,63.6,frames/frame_0136.jpg
frame_0137.jpg,4.571233333333334,19.0897,72.8914,63.7,frames/frame_0137.jpg
frame_0138.jpg,4.6046000000000005,19.0898,72.89150000000001,63.8,frames/frame_0138.jpg
frame_0139.jpg,4.637966666666667,19.0899,72.89160000000001,63.9,frames/frame_0139.jpg
frame_0140.jpg,4.671333333333333,19.09,72.8917,64.0,frames/frame_0140.jpg
frame_0141.jpg,4.7047,19.0901,72.8918,64.1,frames/frame_0141.jpg
frame_0142.jpg,4.738066666666667,19.0902,72.8919,64.2,frames/frame_0142.jpg
frame_0143.jpg,4.771433333333333,19.0903,72.89200000000001,64.3,frames/frame_0143.jpg
frame_0144.jpg,4.8048,19.0904,72.8921,64.4,frames/frame_0144.jpg
frame_0145.jpg,4.838166666666667,19.090500000000002,72.8922,64.5,frames/frame_0145.jpg
frame_0146.jpg,4.871533333333334,19.090600000000002,72.8923,64.6,frames/frame_0146.jpg
frame_0147.jpg,4.9049000000000005,19.090700000000002,72.89240000000001,64.7,frames/frame_0147.jpg
frame_0148.jpg,4.938266666666667,19.0908,72.8925,64.8,frames/frame_0148.jpg
frame_0149.jpg,4.971633333333334,19.0909,72.8926,64.9,frames/frame_0149.jpg
frame_0150.jpg,5.005,19.091,72.8927,65.0,frames/frame_0150.jpg
frame_0151.jpg,5.038366666666667,19.0911,72.89280000000001,65.1,frames/frame_0151.jpg
frame_0152.jpg,5.071733333333333,19.0912,72.8929,65.2,frames/frame_0152.jpg
frame_0153.jpg,5.1051,19.0913,72.893,65.3,frames/frame_0153.jpg
frame_0154.jpg,5.138466666666667,19.0914,72.8931,65.4,frames/frame_0154.jpg
frame_0155.jpg,5.171833333333334,19.0915,72.89320000000001,65.5,frames/frame_0155.jpg
frame_0156.jpg,5.2052000000000005,19.0916,72.89330000000001,65.6,frames/frame_0156.jpg
frame_0157.jpg,5.238566666666667,19.0917,72.8934,65.7,frames/frame_0157.jpg
frame_0158.jpg,5.271933333333334,19.0918,72.8935,65.8,frames/frame_0158.jpg
frame_0159.jpg,5.3053,19.0919,72.8936,65.9,frames/frame_0159.jpg
frame_0160.jpg,5.338666666666667,19.092,72.89370000000001,66.0,frames/frame_0160.jpg
frame_0161.jpg,5.372033333333333,19.092100000000002,72.8938,66.1,frames/frame_0161.jpg
frame_0162.jpg,5.4054,19.092200000000002,72.8939,66.2,frames/frame_0162.jpg
frame_0163.jpg,5.438766666666667,19.0923,72.894,66.3,frames/frame_0163.jpg
frame_0164.jpg,5.472133333333334,19.0924,72.89410000000001,66.4,frames/frame_0164.jpg
frame_0165.jpg,5.5055000000000005,19.0925,72.8942,66.5,frames/frame_0165.jpg
frame_0166.jpg,5.538866666666667,19.0926,72.8943,66.6,frames/frame_0166.jpg
frame_0167.jpg,5.572233333333335,19.0927,72.8944,66.7,frames/frame_0167.jpg
frame_0168.jpg,5.605600000000001,19.0928,72.89450000000001,66.8,frames/frame_0168.jpg
frame_0169.jpg,5.638966666666667,19.0929,72.89460000000001,66.9,frames/frame_0169.jpg
frame_0170.jpg,5.6723333333333334,19.093,72.8947,67.0,frames/frame_0170.jpg
frame_0171.jpg,5.7057,19.0931,72.8948,67.1,frames/frame_0171.jpg
frame_0172.jpg,5.739066666666667,19.0932,72.8949,67.2,frames/frame_0172.jpg
frame_0173.jpg,5.772433333333334,19.0933,72.89500000000001,67.3,frames/frame_0173.jpg
frame_0174.jpg,5.8058000000000005,19.0934,72.8951,67.4,frames/frame_0174.jpg
frame_0175.jpg,5.839166666666667,19.0935,72.8952,67.5,frames/frame_0175.jpg
frame_0176.jpg,5.872533333333334,19.093600000000002,72.8953,67.6,frames/frame_0176.jpg
frame_0177.jpg,5.9059,19.093700000000002,72.89540000000001,67.7,frames/frame_0177.jpg
frame_0178.jpg,5.939266666666667,19.0938,72.8955,67.8,frames/frame_0178.jpg
frame_0179.jpg,5.9726333333333335,19.0939,72.8956,67.9,frames/frame_0179.jpg
frame_0180.jpg,6.006,19.094,72.8957,68.0,frames/frame_0180.jpg
frame_0181.jpg,6.039366666666667,19.0941,72.89580000000001,68.1,frames/frame_0181.jpg
frame_0182.jpg,6.072733333333334,19.0942,72.8959,68.2,frames/frame_0182.jpg
frame_0183.jpg,6.1061000000000005,19.0943,72.896,68.3,frames/frame_0183.jpg
frame_0184.jpg,6.139466666666667,19.0944,72.8961,68.4,frames/frame_0184.jpg
frame_0185.jpg,6.172833333333334,19.0945,72.89620000000001,68.5,frames/frame_0185.jpg
frame_0186.jpg,6.2062,19.0946,72.89630000000001,68.6,frames/frame_0186.jpg
frame_0187.jpg,6.239566666666667,19.0947,72.8964,68.7,frames/frame_0187.jpg
frame_0188.jpg,6.2729333333333335,19.0948,72.8965,68.8,frames/frame_0188.jpg
frame_0189.jpg,6.3063,19.0949,72.8966,68.9,frames/frame_0189.jpg
frame_0190.jpg,6.339666666666667,19.095,72.89670000000001,69.0,frames/frame_0190.jpg
frame_0191.jpg,6.373033333333334,19.095100000000002,72.8968,69.1,frames/frame_0191.jpg
frame_0192.jpg,6.4064000000000005,19.095200000000002,72.8969,69.2,frames/frame_0192.jpg
frame_0193.jpg,6.439766666666667,19.0953,72.897,69.3,frames/frame_0193.jpg
frame_0194.jpg,6.473133333333334,19.0954,72.89710000000001,69.4,frames/frame_0194.jpg
frame_0195.jpg,6.5065,19.0955,72.8972,69.5,frames/frame_0195.jpg
frame_0196.jpg,6.539866666666667,19.0956,72.8973,69.6,frames/frame_0196.jpg
frame_0197.jpg,6.5732333333333335,19.0957,72.8974,69.7,frames/frame_0197.jpg
frame_0198.jpg,6.6066,19.0958,72.89750000000001,69.8,frames/frame_0198.jpg
frame_0199.jpg,6.639966666666667,19.0959,72.89760000000001,69.9,frames/frame_0199.jpg
frame_0200.jpg,6.673333333333334,19.096,72.8977,70.0,frames/frame_0200.jpg
frame_0201.jpg,6.7067000000000005,19.0961,72.8978,70.1,frames/frame_0201.jpg
frame_0202.jpg,6.740066666666667,19.0962,72.8979,70.2,frames/frame_0202.jpg
frame_0203.jpg,6.773433333333334,19.0963,72.89800000000001,70.3,frames/frame_0203.jpg
frame_0204.jpg,6.8068,19.0964,72.8981,70.4,frames/frame_0204.jpg
frame_0205.jpg,6.840166666666667,19.0965,72.8982,70.5,frames/frame_0205.jpg
frame_0206.jpg,6.8735333333333335,19.096600000000002,72.8983,70.6,frames/frame_0206.jpg
frame_0207.jpg,6.9069,19.096700000000002,72.89840000000001,70.7,frames/frame_0207.jpg
frame_0208.jpg,6.940266666666667,19.0968,72.8985,70.8,frames/frame_0208.jpg
frame_0209.jpg,6.973633333333334,19.0969,72.8986,70.9,frames/frame_0209.jpg
frame_0210.jpg,7.007000000000001,19.097,72.8987,71.0,frames/frame_0210.jpg
frame_0211.jpg,7.040366666666667,19.0971,72.89880000000001,71.1,frames/frame_0211.jpg
frame_0212.jpg,7.073733333333334,19.0972,72.8989,71.2,frames/frame_0212.jpg
frame_0213.jpg,7.1071,19.0973,72.899,71.3,frames/frame_0213.jpg
frame_0214.jpg,7.140466666666667,19.0974,72.8991,71.4,frames/frame_0214.jpg
frame_0215.jpg,7.1738333333333335,19.0975,72.89920000000001,71.5,frames/frame_0215.jpg
frame_0216.jpg,7.207200000000001,19.0976,72.89930000000001,71.6,frames/frame_0216.jpg
frame_0217.jpg,7.240566666666667,19.0977,72.8994,71.7,frames/frame_0217.jpg
frame_0218.jpg,7.273933333333334,19.0978,72.8995,71.8,frames/frame_0218.jpg
frame_0219.jpg,7.307300000000001,19.0979,72.8996,71.9,frames/frame_0219.jpg
frame_0220.jpg,7.340666666666667,19.098,72.89970000000001,72.0,frames/frame_0220.jpg
frame_0221.jpg,7.374033333333334,19.0981,72.8998,72.1,frames/frame_0221.jpg
frame_0222.jpg,7.4074,19.098200000000002,72.8999,72.2,frames/frame_0222.jpg
frame_0223.jpg,7.440766666666667,19.098300000000002,72.9,72.3,frames/frame_0223.jpg
frame_0224.jpg,7.4741333333333335,19.0984,72.90010000000001,72.4,frames/frame_0224.jpg
frame_0225.jpg,7.5075,19.0985,72.9002,72.5,frames/frame_0225.jpg
frame_0226.jpg,7.540866666666667,19.0986,72.9003,72.6,frames/frame_0226.jpg
frame_0227.jpg,7.574233333333334,19.0987,72.9004,72.7,frames/frame_0227.jpg
frame_0228.jpg,7.607600000000001,19.0988,72.90050000000001,72.8,frames/frame_0228.jpg
frame_0229.jpg,7.640966666666667,19.0989,72.90060000000001,72.9,frames/frame_0229.jpg
frame_0230.jpg,7.674333333333334,19.099,72.9007,73.0,frames/frame_0230.jpg
frame_0231.jpg,7.7077,19.0991,72.9008,73.1,frames/frame_0231.jpg
frame_0232.jpg,7.741066666666667,19.0992,72.90090000000001,73.2,frames/frame_0232.jpg
frame_0233.jpg,7.7744333333333335,19.0993,72.90100000000001,73.3,frames/frame_0233.jpg
frame_0234.jpg,7.8078,19.0994,72.9011,73.4,frames/frame_0234.jpg
frame_0235.jpg,7.841166666666667,19.0995,72.9012,73.5,frames/frame_0235.jpg
frame_0236.jpg,7.874533333333334,19.0996,72.9013,73.6,frames/frame_0236.jpg
frame_0237.jpg,7.907900000000001,19.099700000000002,72.90140000000001,73.7,frames/frame_0237.jpg
frame_0238.jpg,7.941266666666667,19.099800000000002,72.9015,73.8,frames/frame_0238.jpg
frame_0239.jpg,7.974633333333334,19.0999,72.9016,73.9,frames/frame_0239.jpg
frame_0240.jpg,8.008000000000001,19.1,72.9017,74.0,frames/frame_0240.jpg
frame_0241.jpg,8.041366666666667,19.1001,72.90180000000001,74.1,frames/frame_0241.jpg
frame_0242.jpg,8.074733333333334,19.1002,72.9019,74.2,frames/frame_0242.jpg
frame_0243.jpg,8.1081,19.1003,72.902,74.3,frames/frame_0243.jpg
frame_0244.jpg,8.141466666666666,19.1004,72.9021,74.4,frames/frame_0244.jpg
frame_0245.jpg,8.174833333333334,19.1005,72.90220000000001,74.5,frames/frame_0245.jpg
frame_0246.jpg,8.2082,19.1006,72.90230000000001,74.6,frames/frame_0246.jpg
frame_0247.jpg,8.241566666666667,19.1007,72.9024,74.7,frames/frame_0247.jpg
frame_0248.jpg,8.274933333333333,19.1008,72.9025,74.8,frames/frame_0248.jpg
frame_0249.jpg,8.308300000000001,19.1009,72.9026,74.9,frames/frame_0249.jpg
frame_0250.jpg,8.341666666666667,19.101,72.90270000000001,75.0,frames/frame_0250.jpg
frame_0251.jpg,8.375033333333334,19.1011,72.9028,75.1,frames/frame_0251.jpg
frame_0252.jpg,8.4084,19.101200000000002,72.9029,75.2,frames/frame_0252.jpg
frame_0253.jpg,8.441766666666666,19.101300000000002,72.903,75.3,frames/frame_0253.jpg
frame_0254.jpg,8.475133333333334,19.1014,72.90310000000001,75.4,frames/frame_0254.jpg
frame_0255.jpg,8.5085,19.1015,72.9032,75.5,frames/frame_0255.jpg
frame_0256.jpg,8.541866666666667,19.1016,72.9033,75.6,frames/frame_0256.jpg
frame_0257.jpg,8.575233333333333,19.1017,72.9034,75.7,frames/frame_0257.jpg
frame_0258.jpg,8.608600000000001,19.1018,72.90350000000001,75.8,frames/frame_0258.jpg
frame_0259.jpg,8.641966666666667,19.1019,72.9036,75.9,frames/frame_0259.jpg
frame_0260.jpg,8.675333333333334,19.102,72.9037,76.0,frames/frame_0260.jpg
frame_0261.jpg,8.7087,19.1021,72.9038,76.1,frames/frame_0261.jpg
frame_0262.jpg,8.742066666666666,19.1022,72.90390000000001,76.2,frames/frame_0262.jpg
frame_0263.jpg,8.775433333333334,19.1023,72.90400000000001,76.3,frames/frame_0263.jpg
frame_0264.jpg,8.8088,19.1024,72.9041,76.4,frames/frame_0264.jpg
frame_0265.jpg,8.842166666666667,19.1025,72.9042,76.5,frames/frame_0265.jpg
frame_0266.jpg,8.875533333333333,19.1026,72.9043,76.6,frames/frame_0266.jpg
frame_0267.jpg,8.908900000000001,19.102700000000002,72.90440000000001,76.7,frames/frame_0267.jpg
frame_0268.jpg,8.942266666666667,19.102800000000002,72.9045,76.8,frames/frame_0268.jpg
frame_0269.jpg,8.975633333333334,19.1029,72.9046,76.9,frames/frame_0269.jpg
frame_0270.jpg,9.009,19.103,72.9047,77.0,frames/frame_0270.jpg
frame_0271.jpg,9.042366666666666,19.1031,72.90480000000001,77.1,frames/frame_0271.jpg
frame_0272.jpg,9.075733333333334,19.1032,72.9049,77.2,frames/frame_0272.jpg
frame_0273.jpg,9.1091,19.1033,72.905,77.3,frames/frame_0273.jpg
frame_0274.jpg,9.142466666666667,19.1034,72.9051,77.4,frames/frame_0274.jpg
frame_0275.jpg,9.175833333333333,19.1035,72.90520000000001,77.5,frames/frame_0275.jpg
frame_0276.jpg,9.209200000000001,19.1036,72.90530000000001,77.6,frames/frame_0276.jpg
frame_0277.jpg,9.242566666666667,19.1037,72.9054,77.7,frames/frame_0277.jpg
frame_0278.jpg,9.275933333333334,19.1038,72.9055,77.8,frames/frame_0278.jpg
frame_0279.jpg,9.3093,19.1039,72.9056,77.9,frames/frame_0279.jpg
frame_0280.jpg,9.342666666666666,19.104,72.90570000000001,78.0,frames/frame_0280.jpg
frame_0281.jpg,9.376033333333334,19.1041,72.9058,78.1,frames/frame_0281.jpg
frame_0282.jpg,9.4094,19.1042,72.9059,78.2,frames/frame_0282.jpg
frame_0283.jpg,9.442766666666667,19.104300000000002,72.906,78.3,frames/frame_0283.jpg
frame_0284.jpg,9.476133333333333,19.104400000000002,72.90610000000001,78.4,frames/frame_0284.jpg
frame_0285.jpg,9.509500000000001,19.1045,72.9062,78.5,frames/frame_0285.jpg
frame_0286.jpg,9.542866666666667,19.1046,72.9063,78.6,frames/frame_0286.jpg
frame_0287.jpg,9.576233333333333,19.1047,72.9064,78.7,frames/frame_0287.jpg
frame_0288.jpg,9.6096,19.1048,72.90650000000001,78.8,frames/frame_0288.jpg
frame_0289.jpg,9.642966666666668,19.1049,72.9066,78.9,frames/frame_0289.jpg
frame_0290.jpg,9.676333333333334,19.105,72.9067,79.0,frames/frame_0290.jpg
frame_0291.jpg,9.7097,19.1051,72.9068,79.1,frames/frame_0291.jpg
frame_0292.jpg,9.743066666666667,19.1052,72.90690000000001,79.2,frames/frame_0292.jpg
frame_0293.jpg,9.776433333333333,19.1053,72.90700000000001,79.3,frames/frame_0293.jpg
frame_0294.jpg,9.809800000000001,19.1054,72.9071,79.4,frames/frame_0294.jpg
frame_0295.jpg,9.843166666666667,19.1055,72.9072,79.5,frames/frame_0295.jpg
frame_0296.jpg,9.876533333333334,19.1056,72.9073,79.6,frames/frame_0296.jpg
frame_0297.jpg,9.9099,19.1057,72.90740000000001,79.7,frames/frame_0297.jpg
frame_0298.jpg,9.943266666666668,19.105800000000002,72.9075,79.8,frames/frame_0298.jpg
frame_0299.jpg,9.976633333333334,19.105900000000002,72.9076,79.9,frames/frame_0299.jpg
frame_0300.jpg,10.01,19.106,72.9077,80.0,frames/frame_0300.jpg
frame_0301.jpg,10.043366666666667,19.1061,72.90780000000001,80.1,frames/frame_0301.jpg
frame_0302.jpg,10.076733333333333,19.1062,72.9079,80.2,frames/frame_0302.jpg
frame_0303.jpg,10.110100000000001,19.1063,72.908,80.3,frames/frame_0303.jpg
frame_0304.jpg,10.143466666666667,19.1064,72.9081,80.4,frames/frame_0304.jpg
frame_0305.jpg,10.176833333333335,19.1065,72.90820000000001,80.5,frames/frame_0305.jpg
frame_0306.jpg,10.2102,19.1066,72.90830000000001,80.6,frames/frame_0306.jpg
frame_0307.jpg,10.243566666666668,19.1067,72.9084,80.7,frames/frame_0307.jpg
frame_0308.jpg,10.276933333333334,19.1068,72.9085,80.8,frames/frame_0308.jpg
frame_0309.jpg,10.3103,19.1069,72.9086,80.9,frames/frame_0309.jpg
frame_0310.jpg,10.343666666666667,19.107,72.90870000000001,81.0,frames/frame_0310.jpg
frame_0311.jpg,10.377033333333333,19.1071,72.9088,81.1,frames/frame_0311.jpg
frame_0312.jpg,10.410400000000001,19.1072,72.9089,81.2,frames/frame_0312.jpg
frame_0313.jpg,10.443766666666667,19.107300000000002,72.909,81.3,frames/frame_0313.jpg
frame_0314.jpg,10.477133333333335,19.107400000000002,72.90910000000001,81.4,frames/frame_0314.jpg
frame_0315.jpg,10.5105,19.1075,72.9092,81.5,frames/frame_0315.jpg
frame_0316.jpg,10.543866666666668,19.1076,72.9093,81.6,frames/frame_0316.jpg
frame_0317.jpg,10.577233333333334,19.1077,72.9094,81.7,frames/frame_0317.jpg
frame_0318.jpg,10.6106,19.1078,72.90950000000001,81.8,frames/frame_0318.jpg
frame_0319.jpg,10.643966666666667,19.1079,72.9096,81.9,frames/frame_0319.jpg
frame_0320.jpg,10.677333333333333,19.108,72.9097,82.0,frames/frame_0320.jpg
frame_0321.jpg,10.710700000000001,19.1081,72.9098,82.1,frames/frame_0321.jpg
frame_0322.jpg,10.744066666666667,19.1082,72.90990000000001,82.2,frames/frame_0322.jpg
frame_0323.jpg,10.777433333333335,19.1083,72.91000000000001,82.30000000000001,frames/frame_0323.jpg
frame_0324.jpg,10.8108,19.1084,72.9101,82.4,frames/frame_0324.jpg
frame_0325.jpg,10.844166666666668,19.1085,72.9102,82.5,frames/frame_0325.jpg
frame_0326.jpg,10.877533333333334,19.1086,72.9103,82.6,frames/frame_0326.jpg
frame_0327.jpg,10.9109,19.1087,72.91040000000001,82.7,frames/frame_0327.jpg
frame_0328.jpg,10.944266666666667,19.108800000000002,72.9105,82.80000000000001,frames/frame_0328.jpg
frame_0329.jpg,10.977633333333333,19.108900000000002,72.9106,82.9,frames/frame_0329.jpg
frame_0330.jpg,11.011000000000001,19.109,72.9107,83.0,frames/frame_0330.jpg
frame_0331.jpg,11.044366666666667,19.1091,72.91080000000001,83.1,frames/frame_0331.jpg
frame_0332.jpg,11.077733333333335,19.1092,72.9109,83.2,frames/frame_0332.jpg
frame_0333.jpg,11.1111,19.1093,72.911,83.30000000000001,frames/frame_0333.jpg
frame_0334.jpg,11.14446666666667,19.1094,72.9111,83.4,frames/frame_0334.jpg
frame_0335.jpg,11.177833333333334,19.1095,72.91120000000001,83.5,frames/frame_0335.jpg
frame_0336.jpg,11.211200000000002,19.1096,72.91130000000001,83.6,frames/frame_0336.jpg
frame_0337.jpg,11.244566666666667,19.1097,72.9114,83.7,frames/frame_0337.jpg
frame_0338.jpg,11.277933333333333,19.1098,72.9115,83.80000000000001,frames/frame_0338.jpg
frame_0339.jpg,11.311300000000001,19.1099,72.9116,83.9,frames/frame_0339.jpg
frame_0340.jpg,11.344666666666667,19.11,72.91170000000001,84.0,frames/frame_0340.jpg
frame_0341.jpg,11.378033333333335,19.1101,72.9118,84.1,frames/frame_0341.jpg
frame_0342.jpg,11.4114,19.1102,72.9119,84.2,frames/frame_0342.jpg
frame_0343.jpg,11.444766666666668,19.110300000000002,72.912,84.30000000000001,frames/frame_0343.jpg
frame_0344.jpg,11.478133333333334,19.110400000000002,72.91210000000001,84.4,frames/frame_0344.jpg
frame_0345.jpg,11.5115,19.110500000000002,72.9122,84.5,frames/frame_0345.jpg
frame_0346.jpg,11.544866666666667,19.1106,72.9123,84.6,frames/frame_0346.jpg
frame_0347.jpg,11.578233333333333,19.1107,72.9124,84.7,frames/frame_0347.jpg
frame_0348.jpg,11.611600000000001,19.1108,72.91250000000001,84.80000000000001,frames/frame_0348.jpg
frame_0349.jpg,11.644966666666667,19.1109,72.9126,84.9,frames/frame_0349.jpg
frame_0350.jpg,11.678333333333335,19.111,72.9127,85.0,frames/frame_0350.jpg
frame_0351.jpg,11.7117,19.1111,72.9128,85.1,frames/frame_0351.jpg
frame_0352.jpg,11.745066666666668,19.1112,72.91290000000001,85.2,frames/frame_0352.jpg
frame_0353.jpg,11.778433333333334,19.1113,72.91300000000001,85.30000000000001,frames/frame_0353.jpg
frame_0354.jpg,11.8118,19.1114,72.9131,85.4,frames/frame_0354.jpg
frame_0355.jpg,11.845166666666668,19.1115,72.9132,85.5,frames/frame_0355.jpg
frame_0356.jpg,11.878533333333333,19.1116,72.9133,85.6,frames/frame_0356.jpg
frame_0357.jpg,11.911900000000001,19.1117,72.91340000000001,85.7,frames/frame_0357.jpg
frame_0358.jpg,11.945266666666667,19.1118,72.9135,85.80000000000001,frames/frame_0358.jpg
frame_0359.jpg,11.978633333333335,19.111900000000002,72.9136,85.9,frames/frame_0359.jpg
frame_0360.jpg,12.012,19.112000000000002,72.9137,86.0,frames/frame_0360.jpg
frame_0361.jpg,12.045366666666668,19.1121,72.91380000000001,86.1,frames/frame_0361.jpg
frame_0362.jpg,12.078733333333334,19.1122,72.9139,86.2,frames/frame_0362.jpg
frame_0363.jpg,12.1121,19.1123,72.914,86.30000000000001,frames/frame_0363.jpg
frame_0364.jpg,12.145466666666668,19.1124,72.9141,86.4,frames/frame_0364.jpg
frame_0365.jpg,12.178833333333333,19.1125,72.91420000000001,86.5,frames/frame_0365.jpg
frame_0366.jpg,12.212200000000001,19.1126,72.91430000000001,86.6,frames/frame_0366.jpg
frame_0367.jpg,12.245566666666667,19.1127,72.9144,86.7,frames/frame_0367.jpg
frame_0368.jpg,12.278933333333335,19.1128,72.9145,86.80000000000001,frames/frame_0368.jpg
frame_0369.jpg,12.3123,19.1129,72.91460000000001,86.9,frames/frame_0369.jpg
frame_0370.jpg,12.345666666666668,19.113,72.91470000000001,87.0,frames/frame_0370.jpg
frame_0371.jpg,12.379033333333334,19.1131,72.9148,87.1,frames/frame_0371.jpg
frame_0372.jpg,12.4124,19.1132,72.9149,87.2,frames/frame_0372.jpg
frame_0373.jpg,12.445766666666668,19.1133,72.915,87.30000000000001,frames/frame_0373.jpg
frame_0374.jpg,12.479133333333333,19.113400000000002,72.91510000000001,87.4,frames/frame_0374.jpg
frame_0375.jpg,12.512500000000001,19.113500000000002,72.9152,87.5,frames/frame_0375.jpg
frame_0376.jpg,12.545866666666667,19.1136,72.9153,87.6,frames/frame_0376.jpg
frame_0377.jpg,12.579233333333335,19.1137,72.9154,87.7,frames/frame_0377.jpg
frame_0378.jpg,12.6126,19.1138,72.91550000000001,87.80000000000001,frames/frame_0378.jpg
frame_0379.jpg,12.645966666666668,19.1139,72.9156,87.9,frames/frame_0379.jpg
frame_0380.jpg,12.679333333333334,19.114,72.9157,88.0,frames/frame_0380.jpg
frame_0381.jpg,12.7127,19.1141,72.9158,88.1,frames/frame_0381.jpg
frame_0382.jpg,12.746066666666668,19.1142,72.91590000000001,88.2,frames/frame_0382.jpg
frame_0383.jpg,12.779433333333333,19.1143,72.91600000000001,88.30000000000001,frames/frame_0383.jpg
frame_0384.jpg,12.812800000000001,19.1144,72.9161,88.4,frames/frame_0384.jpg
frame_0385.jpg,12.846166666666665,19.1145,72.9162,88.5,frames/frame_0385.jpg
frame_0386.jpg,12.879533333333335,19.1146,72.9163,88.6,frames/frame_0386.jpg
frame_0387.jpg,12.9129,19.1147,72.91640000000001,88.7,frames/frame_0387.jpg
frame_0388.jpg,12.946266666666668,19.1148,72.9165,88.80000000000001,frames/frame_0388.jpg
frame_0389.jpg,12.979633333333334,19.114900000000002,72.9166,88.9,frames/frame_0389.jpg
frame_0390.jpg,13.013,19.115000000000002,72.9167,89.0,frames/frame_0390.jpg
frame_0391.jpg,13.046366666666668,19.1151,72.91680000000001,89.1,frames/frame_0391.jpg
frame_0392.jpg,13.079733333333333,19.1152,72.9169,89.2,frames/frame_0392.jpg
frame_0393.jpg,13.113100000000001,19.1153,72.917,89.30000000000001,frames/frame_0393.jpg
frame_0394.jpg,13.146466666666667,19.1154,72.9171,89.4,frames/frame_0394.jpg
frame_0395.jpg,13.179833333333335,19.1155,72.91720000000001,89.5,frames/frame_0395.jpg
frame_0396.jpg,13.2132,19.1156,72.9173,89.6,frames/frame_0396.jpg
frame_0397.jpg,13.246566666666668,19.1157,72.9174,89.7,frames/frame_0397.jpg
frame_0398.jpg,13.279933333333334,19.1158,72.9175,89.80000000000001,frames/frame_0398.jpg
frame_0399.jpg,13.3133,19.1159,72.91760000000001,89.9,frames/frame_0399.jpg
frame_0400.jpg,13.346666666666668,19.116,72.91770000000001,90.0,frames/frame_0400.jpg
frame_0401.jpg,13.380033333333333,19.1161,72.9178,90.1,frames/frame_0401.jpg
frame_0402.jpg,13.413400000000001,19.1162,72.9179,90.2,frames/frame_0402.jpg
frame_0403.jpg,13.446766666666667,19.1163,72.918,90.30000000000001,frames/frame_0403.jpg
frame_0404.jpg,13.480133333333335,19.116400000000002,72.91810000000001,90.4,frames/frame_0404.jpg
frame_0405.jpg,13.5135,19.116500000000002,72.9182,90.5,frames/frame_0405.jpg
frame_0406.jpg,13.546866666666668,19.116600000000002,72.9183,90.6,frames/frame_0406.jpg
frame_0407.jpg,13.580233333333334,19.1167,72.9184,90.7,frames/frame_0407.jpg
frame_0408.jpg,13.6136,19.1168,72.91850000000001,90.80000000000001,frames/frame_0408.jpg
frame_0409.jpg,13.646966666666668,19.1169,72.9186,90.9,frames/frame_0409.jpg
frame_0410.jpg,13.680333333333333,19.117,72.9187,91.0,frames/frame_0410.jpg
frame_0411.jpg,13.713700000000001,19.1171,72.9188,91.1,frames/frame_0411.jpg
frame_0412.jpg,13.747066666666667,19.1172,72.91890000000001,91.2,frames/frame_0412.jpg
frame_0413.jpg,13.780433333333335,19.1173,72.91900000000001,91.30000000000001,frames/frame_0413.jpg
frame_0414.jpg,13.8138,19.1174,72.9191,91.4,frames/frame_0414.jpg
frame_0415.jpg,13.847166666666668,19.1175,72.9192,91.5,frames/frame_0415.jpg
frame_0416.jpg,13.880533333333334,19.1176,72.9193,91.6,frames/frame_0416.jpg
frame_0417.jpg,13.9139,19.1177,72.91940000000001,91.7,frames/frame_0417.jpg
frame_0418.jpg,13.947266666666668,19.1178,72.9195,91.80000000000001,frames/frame_0418.jpg
frame_0419.jpg,13.980633333333333,19.1179,72.9196,91.9,frames/frame_0419.jpg
frame_0420.jpg,14.014000000000001,19.118000000000002,72.9197,92.0,frames/frame_0420.jpg
frame_0421.jpg,14.047366666666667,19.118100000000002,72.91980000000001,92.1,frames/frame_0421.jpg
frame_0422.jpg,14.080733333333335,19.1182,72.9199,92.2,frames/frame_0422.jpg
frame_0423.jpg,14.1141,19.1183,72.92,92.30000000000001,frames/frame_0423.jpg
frame_0424.jpg,14.147466666666668,19.1184,72.9201,92.4,frames/frame_0424.jpg
frame_0425.jpg,14.180833333333334,19.1185,72.92020000000001,92.5,frames/frame_0425.jpg
frame_0426.jpg,14.2142,19.1186,72.9203,92.6,frames/frame_0426.jpg
frame_0427.jpg,14.247566666666668,19.1187,72.9204,92.7,frames/frame_0427.jpg
frame_0428.jpg,14.280933333333333,19.1188,72.9205,92.80000000000001,frames/frame_0428.jpg
frame_0429.jpg,14.314300000000001,19.1189,72.92060000000001,92.9,frames/frame_0429.jpg
frame_0430.jpg,14.347666666666667,19.119,72.92070000000001,93.0,frames/frame_0430.jpg
frame_0431.jpg,14.381033333333335,19.1191,72.9208,93.1,frames/frame_0431.jpg
frame_0432.jpg,14.414400000000002,19.1192,72.9209,93.2,frames/frame_0432.jpg
frame_0433.jpg,14.447766666666668,19.1193,72.921,93.30000000000001,frames/frame_0433.jpg
frame_0434.jpg,14.481133333333334,19.1194,72.92110000000001,93.4,frames/frame_0434.jpg
frame_0435.jpg,14.5145,19.119500000000002,72.9212,93.5,frames/frame_0435.jpg
frame_0436.jpg,14.547866666666668,19.119600000000002,72.9213,93.6,frames/frame_0436.jpg
frame_0437.jpg,14.581233333333333,19.1197,72.9214,93.7,frames/frame_0437.jpg
frame_0438.jpg,14.614600000000001,19.1198,72.92150000000001,93.80000000000001,frames/frame_0438.jpg
frame_0439.jpg,14.647966666666667,19.1199,72.9216,93.9,frames/frame_0439.jpg
frame_0440.jpg,14.681333333333335,19.12,72.9217,94.0,frames/frame_0440.jpg
frame_0441.jpg,14.7147,19.1201,72.9218,94.1,frames/frame_0441.jpg
frame_0442.jpg,14.748066666666668,19.1202,72.92190000000001,94.2,frames/frame_0442.jpg
frame_0443.jpg,14.781433333333334,19.1203,72.92200000000001,94.30000000000001,frames/frame_0443.jpg
frame_0444.jpg,14.8148,19.1204,72.9221,94.4,frames/frame_0444.jpg
frame_0445.jpg,14.848166666666668,19.1205,72.9222,94.5,frames/frame_0445.jpg
frame_0446.jpg,14.881533333333334,19.1206,72.9223,94.6,frames/frame_0446.jpg
frame_0447.jpg,14.914900000000001,19.1207,72.92240000000001,94.7,frames/frame_0447.jpg
frame_0448.jpg,14.948266666666667,19.1208,72.9225,94.80000000000001,frames/frame_0448.jpg
frame_0449.jpg,14.981633333333335,19.1209,72.9226,94.9,frames/frame_0449.jpg
frame_0450.jpg,15.015,19.121000000000002,72.9227,95.0,frames/frame_0450.jpg
frame_0451.jpg,15.048366666666668,19.121100000000002,72.92280000000001,95.1,frames/frame_0451.jpg
frame_0452.jpg,15.081733333333334,19.1212,72.9229,95.2,frames/frame_0452.jpg
frame_0453.jpg,15.1151,19.1213,72.923,95.30000000000001,frames/frame_0453.jpg
frame_0454.jpg,15.148466666666668,19.1214,72.9231,95.4,frames/frame_0454.jpg
frame_0455.jpg,15.181833333333334,19.1215,72.92320000000001,95.5,frames/frame_0455.jpg
frame_0456.jpg,15.215200000000001,19.1216,72.9233,95.6,frames/frame_0456.jpg
frame_0457.jpg,15.248566666666667,19.1217,72.9234,95.7,frames/frame_0457.jpg
frame_0458.jpg,15.281933333333335,19.1218,72.9235,95.80000000000001,frames/frame_0458.jpg
frame_0459.jpg,15.3153,19.1219,72.92360000000001,95.9,frames/frame_0459.jpg
frame_0460.jpg,15.348666666666668,19.122,72.92370000000001,96.0,frames/frame_0460.jpg
frame_0461.jpg,15.382033333333334,19.1221,72.9238,96.1,frames/frame_0461.jpg
frame_0462.jpg,15.4154,19.1222,72.9239,96.2,frames/frame_0462.jpg
frame_0463.jpg,15.448766666666668,19.1223,72.924,96.30000000000001,frames/frame_0463.jpg
frame_0464.jpg,15.482133333333334,19.1224,72.92410000000001,96.4,frames/frame_0464.jpg
frame_0465.jpg,15.515500000000001,19.122500000000002,72.9242,96.5,frames/frame_0465.jpg
frame_0466.jpg,15.548866666666667,19.122600000000002,72.9243,96.6,frames/frame_0466.jpg
frame_0467.jpg,15.582233333333335,19.122700000000002,72.9244,96.7,frames/frame_0467.jpg
frame_0468.jpg,15.6156,19.1228,72.92450000000001,96.80000000000001,frames/frame_0468.jpg
frame_0469.jpg,15.648966666666668,19.1229,72.9246,96.9,frames/frame_0469.jpg
frame_0470.jpg,15.682333333333334,19.123,72.9247,97.0,frames/frame_0470.jpg
frame_0471.jpg,15.7157,19.1231,72.9248,97.1,frames/frame_0471.jpg
frame_0472.jpg,15.749066666666668,19.1232,72.92490000000001,97.2,frames/frame_0472.jpg
frame_0473.jpg,15.782433333333334,19.1233,72.92500000000001,97.30000000000001,frames/frame_0473.jpg
frame_0474.jpg,15.815800000000001,19.1234,72.9251,97.4,frames/frame_0474.jpg
frame_0475.jpg,15.849166666666667,19.1235,72.9252,97.5,frames/frame_0475.jpg
frame_0476.jpg,15.882533333333335,19.1236,72.92530000000001,97.6,frames/frame_0476.jpg
frame_0477.jpg,15.9159,19.1237,72.92540000000001,97.7,frames/frame_0477.jpg
frame_0478.jpg,15.949266666666668,19.1238,72.9255,97.80000000000001,frames/frame_0478.jpg
frame_0479.jpg,15.982633333333336,19.1239,72.9256,97.9,frames/frame_0479.jpg
frame_0480.jpg,16.016000000000002,19.124,72.9257,98.0,frames/frame_0480.jpg
frame_0481.jpg,16.049366666666668,19.124100000000002,72.92580000000001,98.1,frames/frame_0481.jpg
frame_0482.jpg,16.082733333333334,19.124200000000002,72.9259,98.2,frames/frame_0482.jpg
frame_0483.jpg,16.1161,19.1243,72.926,98.30000000000001,frames/frame_0483.jpg
frame_0484.jpg,16.14946666666667,19.1244,72.9261,98.4,frames/frame_0484.jpg
frame_0485.jpg,16.182833333333335,19.1245,72.92620000000001,98.5,frames/frame_0485.jpg
frame_0486.jpg,16.2162,19.1246,72.9263,98.6,frames/frame_0486.jpg
frame_0487.jpg,16.249566666666666,19.1247,72.9264,98.7,frames/frame_0487.jpg
frame_0488.jpg,16.282933333333332,19.1248,72.9265,98.80000000000001,frames/frame_0488.jpg
frame_0489.jpg,16.316300000000002,19.1249,72.92660000000001,98.9,frames/frame_0489.jpg
frame_0490.jpg,16.349666666666668,19.125,72.92670000000001,99.0,frames/frame_0490.jpg
frame_0491.jpg,16.383033333333334,19.1251,72.9268,99.1,frames/frame_0491.jpg
frame_0492.jpg,16.4164,19.1252,72.9269,99.2,frames/frame_0492.jpg
frame_0493.jpg,16.44976666666667,19.1253,72.927,99.30000000000001,frames/frame_0493.jpg
frame_0494.jpg,16.483133333333335,19.1254,72.92710000000001,99.4,frames/frame_0494.jpg
frame_0495.jpg,16.5165,19.1255,72.9272,99.5,frames/frame_0495.jpg
frame_0496.jpg,16.549866666666667,19.125600000000002,72.9273,99.6,frames/frame_0496.jpg
frame_0497.jpg,16.583233333333332,19.125700000000002,72.9274,99.7,frames/frame_0497.jpg
frame_0498.jpg,16.616600000000002,19.1258,72.92750000000001,99.80000000000001,frames/frame_0498.jpg
frame_0499.jpg,16.649966666666668,19.1259,72.9276,99.9,frames/frame_0499.jpg
frame_0500.jpg,16.683333333333334,19.126,72.9277,100.0,frames/frame_0500.jpg
frame_0501.jpg,16.7167,19.1261,72.9278,100.1,frames/frame_0501.jpg
frame_0502.jpg,16.75006666666667,19.1262,72.92790000000001,100.2,frames/frame_0502.jpg
frame_0503.jpg,16.783433333333335,19.1263,72.928,100.30000000000001,frames/frame_0503.jpg
frame_0504.jpg,16.8168,19.1264,72.9281,100.4,frames/frame_0504.jpg
frame_0505.jpg,16.850166666666667,19.1265,72.9282,100.5,frames/frame_0505.jpg
frame_0506.jpg,16.883533333333332,19.1266,72.92830000000001,100.6,frames/frame_0506.jpg
frame_0507.jpg,16.916900000000002,19.1267,72.92840000000001,100.7,frames/frame_0507.jpg
frame_0508.jpg,16.950266666666668,19.1268,72.9285,100.80000000000001,frames/frame_0508.jpg
frame_0509.jpg,16.983633333333334,19.1269,72.9286,100.9,frames/frame_0509.jpg
frame_0510.jpg,17.017,19.127,72.9287,101.0,frames/frame_0510.jpg
frame_0511.jpg,17.05036666666667,19.127100000000002,72.92880000000001,101.1,frames/frame_0511.jpg
frame_0512.jpg,17.083733333333335,19.127200000000002,72.9289,101.2,frames/frame_0512.jpg
frame_0513.jpg,17.1171,19.1273,72.929,101.30000000000001,frames/frame_0513.jpg
frame_0514.jpg,17.150466666666667,19.1274,72.9291,101.4,frames/frame_0514.jpg
frame_0515.jpg,17.183833333333332,19.1275,72.92920000000001,101.5,frames/frame_0515.jpg
frame_0516.jpg,17.217200000000002,19.1276,72.9293,101.6,frames/frame_0516.jpg
frame_0517.jpg,17.250566666666668,19.1277,72.9294,101.7,frames/frame_0517.jpg
frame_0518.jpg,17.283933333333334,19.1278,72.9295,101.80000000000001,frames/frame_0518.jpg
frame_0519.jpg,17.3173,19.1279,72.92960000000001,101.9,frames/frame_0519.jpg
frame_0520.jpg,17.35066666666667,19.128,72.92970000000001,102.0,frames/frame_0520.jpg
frame_0521.jpg,17.384033333333335,19.1281,72.9298,102.1,frames/frame_0521.jpg
frame_0522.jpg,17.4174,19.1282,72.9299,102.2,frames/frame_0522.jpg
frame_0523.jpg,17.450766666666667,19.1283,72.93,102.30000000000001,frames/frame_0523.jpg
frame_0524.jpg,17.484133333333332,19.1284,72.93010000000001,102.4,frames/frame_0524.jpg
frame_0525.jpg,17.517500000000005,19.1285,72.9302,102.5,frames/frame_0525.jpg
frame_0526.jpg,17.550866666666668,19.128600000000002,72.9303,102.6,frames/frame_0526.jpg
frame_0527.jpg,17.584233333333334,19.128700000000002,72.9304,102.7,frames/frame_0527.jpg
frame_0528.jpg,17.6176,19.128800000000002,72.93050000000001,102.80000000000001,frames/frame_0528.jpg
frame_0529.jpg,17.65096666666667,19.1289,72.9306,102.9,frames/frame_0529.jpg
frame_0530.jpg,17.684333333333335,19.129,72.9307,103.0,frames/frame_0530.jpg
frame_0531.jpg,17.7177,19.1291,72.9308,103.1,frames/frame_0531.jpg
frame_0532.jpg,17.751066666666667,19.1292,72.93090000000001,103.2,frames/frame_0532.jpg
frame_0533.jpg,17.784433333333332,19.1293,72.931,103.30000000000001,frames/frame_0533.jpg
frame_0534.jpg,17.817800000000002,19.1294,72.9311,103.4,frames/frame_0534.jpg
frame_0535.jpg,17.851166666666668,19.1295,72.9312,103.5,frames/frame_0535.jpg
frame_0536.jpg,17.884533333333334,19.1296,72.93130000000001,103.6,frames/frame_0536.jpg
frame_0537.jpg,17.9179,19.1297,72.93140000000001,103.7,frames/frame_0537.jpg
frame_0538.jpg,17.95126666666667,19.1298,72.9315,103.80000000000001,frames/frame_0538.jpg
frame_0539.jpg,17.984633333333335,19.1299,72.9316,103.9,frames/frame_0539.jpg
frame_0540.jpg,18.018,19.13,72.9317,104.0,frames/frame_0540.jpg
frame_0541.jpg,18.051366666666667,19.1301,72.93180000000001,104.1,frames/frame_0541.jpg
frame_0542.jpg,18.084733333333332,19.130200000000002,72.9319,104.2,frames/frame_0542.jpg
frame_0543.jpg,18.118100000000002,19.130300000000002,72.932,104.30000000000001,frames/frame_0543.jpg
frame_0544.jpg,18.151466666666668,19.1304,72.9321,104.4,frames/frame_0544.jpg
frame_0545.jpg,18.184833333333334,19.1305,72.93220000000001,104.5,frames/frame_0545.jpg
frame_0546.jpg,18.2182,19.1306,72.9323,104.6,frames/frame_0546.jpg
frame_0547.jpg,18.25156666666667,19.1307,72.9324,104.7,frames/frame_0547.jpg
frame_0548.jpg,18.284933333333335,19.1308,72.9325,104.80000000000001,frames/frame_0548.jpg
frame_0549.jpg,18.3183,19.1309,72.93260000000001,104.9,frames/frame_0549.jpg
frame_0550.jpg,18.351666666666667,19.131,72.93270000000001,105.0,frames/frame_0550.jpg
frame_0551.jpg,18.385033333333332,19.1311,72.9328,105.1,frames/frame_0551.jpg
frame_0552.jpg,18.418400000000002,19.1312,72.9329,105.2,frames/frame_0552.jpg
frame_0553.jpg,18.451766666666668,19.1313,72.933,105.30000000000001,frames/frame_0553.jpg
frame_0554.jpg,18.485133333333334,19.1314,72.93310000000001,105.4,frames/frame_0554.jpg
frame_0555.jpg,18.5185,19.1315,72.9332,105.5,frames/frame_0555.jpg
frame_0556.jpg,18.55186666666667,19.1316,72.9333,105.6,frames/frame_0556.jpg
frame_0557.jpg,18.585233333333335,19.131700000000002,72.9334,105.7,frames/frame_0557.jpg
frame_0558.jpg,18.6186,19.131800000000002,72.93350000000001,105.80000000000001,frames/frame_0558.jpg
frame_0559.jpg,18.651966666666667,19.1319,72.9336,105.9,frames/frame_0559.jpg
frame_0560.jpg,18.685333333333332,19.132,72.9337,106.0,frames/frame_0560.jpg
frame_0561.jpg,18.718700000000002,19.1321,72.9338,106.1,frames/frame_0561.jpg
frame_0562.jpg,18.752066666666668,19.1322,72.93390000000001,106.2,frames/frame_0562.jpg
frame_0563.jpg,18.785433333333334,19.1323,72.934,106.30000000000001,frames/frame_0563.jpg
frame_0564.jpg,18.8188,19.1324,72.9341,106.4,frames/frame_0564.jpg
frame_0565.jpg,18.85216666666667,19.1325,72.9342,106.5,frames/frame_0565.jpg
frame_0566.jpg,18.885533333333335,19.1326,72.93430000000001,106.6,frames/frame_0566.jpg
frame_0567.jpg,18.9189,19.1327,72.93440000000001,106.7,frames/frame_0567.jpg
frame_0568.jpg,18.952266666666667,19.1328,72.9345,106.80000000000001,frames/frame_0568.jpg
frame_0569.jpg,18.985633333333332,19.1329,72.9346,106.9,frames/frame_0569.jpg
frame_0570.jpg,19.019000000000002,19.133,72.9347,107.0,frames/frame_0570.jpg
frame_0571.jpg,19.052366666666668,19.1331,72.93480000000001,107.1,frames/frame_0571.jpg
frame_0572.jpg,19.085733333333334,19.133200000000002,72.9349,107.2,frames/frame_0572.jpg
frame_0573.jpg,19.1191,19.133300000000002,72.935,107.30000000000001,frames/frame_0573.jpg
frame_0574.jpg,19.152466666666665,19.1334,72.9351,107.4,frames/frame_0574.jpg
frame_0575.jpg,19.185833333333335,19.1335,72.93520000000001,107.5,frames/frame_0575.jpg
frame_0576.jpg,19.2192,19.1336,72.9353,107.6,frames/frame_0576.jpg
frame_0577.jpg,19.252566666666667,19.1337,72.9354,107.7,frames/frame_0577.jpg
frame_0578.jpg,19.285933333333336,19.1338,72.9355,107.80000000000001,frames/frame_0578.jpg
frame_0579.jpg,19.319300000000002,19.1339,72.93560000000001,107.9,frames/frame_0579.jpg
frame_0580.jpg,19.352666666666668,19.134,72.93570000000001,108.0,frames/frame_0580.jpg
frame_0581.jpg,19.386033333333334,19.1341,72.9358,108.1,frames/frame_0581.jpg
frame_0582.jpg,19.4194,19.1342,72.9359,108.2,frames/frame_0582.jpg
frame_0583.jpg,19.45276666666667,19.1343,72.936,108.30000000000001,frames/frame_0583.jpg
frame_0584.jpg,19.486133333333335,19.1344,72.93610000000001,108.4,frames/frame_0584.jpg
frame_0585.jpg,19.5195,19.1345,72.9362,108.5,frames/frame_0585.jpg
frame_0586.jpg,19.552866666666667,19.1346,72.9363,108.6,frames/frame_0586.jpg
frame_0587.jpg,19.586233333333332,19.134700000000002,72.9364,108.7,frames/frame_0587.jpg
frame_0588.jpg,19.619600000000002,19.134800000000002,72.93650000000001,108.80000000000001,frames/frame_0588.jpg
frame_0589.jpg,19.652966666666668,19.134900000000002,72.9366,108.9,frames/frame_0589.jpg
frame_0590.jpg,19.686333333333334,19.135,72.9367,109.0,frames/frame_0590.jpg
frame_0591.jpg,19.7197,19.1351,72.9368,109.1,frames/frame_0591.jpg
frame_0592.jpg,19.75306666666667,19.1352,72.93690000000001,109.2,frames/frame_0592.jpg
